{
  "sections": [
    {
      "type": "breadcrumbs",
      "enabled": true
    },
    {
      "type": "document-banner",
      "enabled": true
    },
    {
      "type": "page-title",
      "title": "Decore seus momentos especiais"
    },
    {
      "type": "collection-shelf",
      "shuffle": true,
      "collection_id": "5f57fd6e7430f92180ed06f4",
      "title": "",
      "sort": "news"
    },
    {
      "type": "collection-shelf",
      "shuffle": true,
      "sort": "news",
      "collection_id": "5f57fea17430f92180ed0781"
    },
    {
      "type": "collection-shelf",
      "shuffle": true,
      "collection_id": "5f57fe097430f92180ed0727",
      "sort": null,
      "title": "Vista sua casa"
    },
    {
      "type": "collection-shelf",
      "shuffle": true,
      "collection_id": "5f58009b7430f92180ed0812",
      "title": ""
    },
    {
      "type": "collection-shelf",
      "shuffle": true,
      "collection_id": "5f57fede7430f92180ed0798"
    },
    {
      "type": "document-description",
      "enabled": true
    }
  ]
}