{
  "youtube": "https://www.youtube.com/watch?v=SfrGIoAdldw",
  "facebook": "https://www.facebook.com/BemGastolj",
  "phone": "(19) 983760992",
  "doc_number": "27.691.917/0001-36",
  "whatsapp": "(19) 983760992",
  "instagram": "https://www.instagram.com/ljbemgasto/",
  "twitter": "https://twitter.com/ljbemgasto",
  "address": "Rua Dos Ipês, 183 - Martins de Sá - Caraguatatuba - Cep: 11.664-270",
  "pinterest": "https://br.pinterest.com/bemgasto/",
  "email": "atendimento@bemgasto.com.br",
  "linkedin": "https://www.linkedin.com/in/loja-bem-gasto-1593261b2/"
}