{
  "description": {
    "title": "",
    "text": ""
  },
  "links_1": {
    "list_pages": true,
    "title": "Páginas",
    "list": []
  },
  "links_2": {
    "list_categories": false,
    "title": "Categorias",
    "list": []
  },
  "contacts": {
    "title": "Contatos",
    "phone_wpp": true,
    "socials": true,
    "email": true,
    "address": true
  },
  "stamps": [
    {
      "src": "/img/uploads/ssl-safe.png",
      "alt": "Secure connection"
    },
    {
      "src": "/img/uploads/nortonsafeweb.png",
      "link": "https://safeweb.norton.com/report/show?url=www.bemgasto.com.br"
    },
    {
      "src": "/img/uploads/magalu.png",
      "link": "https://www.magazineluiza.com.br/lojista/bemgasto"
    },
    {
      "link": "https://www.carrefour.com.br/parceiro/bemgasto",
      "src": "/img/uploads/carrefour.png"
    },
    {
      "src": "/img/uploads/selocertificado.png",
      "link": "https://www.ssllabs.com/ssltest/analyze.html?d=www.bemgasto.com.br&s=104.248.60.43"
    },
    {
      "src": "/img/uploads/madeiramadeira.png",
      "link": "https://www.madeiramadeira.com.br/lojista/bem-gasto",
      "alt": "Parceiro BemGasto"
    }
  ],
  "payment_methods": {
    "bb": false,
    "visa": true,
    "boleto": true,
    "aura": false,
    "banrisul": false,
    "elo": true,
    "hipercard": true,
    "hsbc": false,
    "bradesco": false,
    "santander": false,
    "mastercard": true,
    "citibank": false,
    "mais": false,
    "amex": true,
    "itau": false
  },
  "credits": ""
}