{
  "meta_title": "Casa e Decoração | Objetos de Decoração para Área de Churrasco | Bem Gasto",
  "meta_description": "Bem Gasto - Casa e decoração, objetos de decoração para área de churrasco, loja especializada em produtos para área gourmet, churrasqueira, para um público que gosta de decorar seu ambiente com suas marcas favoritas.",
  "sections": [
    {
      "type": "banner-slider",
      "autoplay": 7000,
      "slides": [
        {
          "start": "2020-11-19T21:20:48.035Z",
          "end": "",
          "img": "/img/uploads/banner-800x200-bemgasto-estella.jpg",
          "link": "https://www.bemgasto.com.br/balde-brahma-duplo-malte-ambev"
        },
        {
          "img": "/img/uploads/banner-800x200-bemgasto-teste.jpg",
          "alt": "Banner sample two",
          "start": "",
          "end": ""
        },
        {
          "start": "2020-11-19T21:45:42.206Z",
          "end": "",
          "img": "/img/uploads/banner-alumiart-baldes.jpg"
        },
        {
          "start": "2020-11-27T01:30:14.054Z",
          "end": "2020-11-27T01:30:14.090Z",
          "img": "/img/uploads/banner-800x200-bemgasto_black_friday_2020.jpg"
        }
      ]
    },
    {
      "type": "info-bar",
      "enabled": true
    },
    {
      "type": "collection-shelf",
      "shuffle": true,
      "collection_id": "5f57fd6e7430f92180ed06f4",
      "sort": "sales",
      "title": ""
    },
    {
      "type": "collection-shelf",
      "shuffle": true,
      "collection_id": "5f57fe097430f92180ed0727",
      "sort": "lowest_price"
    },
    {
      "type": "collection-shelf",
      "shuffle": true,
      "collection_id": "5f57fea17430f92180ed0781",
      "sort": "news"
    },
    {
      "type": "collection-shelf",
      "shuffle": true,
      "collection_id": "5f58009b7430f92180ed0812",
      "title": "",
      "sort": null
    },
    {
      "type": "collection-shelf",
      "shuffle": true,
      "collection_id": "5f57fede7430f92180ed0798"
    }
  ]
}